country,region,govSeat2016,govSeat2017,govSeats2018,GDP2016,GDP2017,GDP2018,GDPperCap2016,GDPperCap2017,GDPperCap2018,govEduExp2016,govEduExp2017,govEduExp2018
Afghanistan,South Asia,27.7,27.7,27.7,19362642266.6484,20191764940.1602,19362969582.3643,547.228110150363,556.302138508508,520.896602719135,4.20524978637695,3.92674994468689,..
Albania,Europe & Central Asia,22.9,27.9,27.9,11861352704.87,13025062195.7906,15058879128.6536,4124.10854308316,4532.88919785143,5253.63006411357,3.95463991165161,..,..
Algeria,Middle East & North Africa,31.6,25.8,25.8,160129866569.935,167555280113.181,180689115940.685,3948.81189736204,4048.28525822561,4278.85005953418,..,..,..
American Samoa,East Asia & Pacific,..,..,..,653000000,634000000,..,11714.8956782261,11398.7774181949,..,..,..,..
Andorra,Europe & Central Asia,32.1,32.1,32.1,2877311946.90265,3013387423.93509,3236543909.34844,37224.1089162924,39134.3933706717,42029.7627372989,3.25670003890991,3.19555997848511,..
Angola,Sub-Saharan Africa,36.8,38.2,30.5,101123851090.455,122123822333.591,105750987618.63,3506.07288506966,4095.81294155857,3432.38573600893,..,..,..
Antigua and Barbuda,Latin America & Caribbean,11.1,11.1,11.1,1464630213.33333,1510084750.74074,1623804016.2963,15494.3054718052,15824.6678131824,16864.3833609901,..,..,..
Arab World,,18.8526498495719,18.8210344031402,19.0179788213628,2506038474468.22,2588676963425.26,2781325613205.7,6202.6904062711,6284.73772306094,6625.50731891516,..,..,..
Argentina,Latin America & Caribbean,35.8,38.9,38.9,557531376217.967,642695864756.35,518475134084.357,12790.2424732447,14591.8633810541,11652.5662897487,5.57217979431152,..,..
Armenia,Europe & Central Asia,10.7,18.1,18.1,10546135160.031,11527458565.7334,12433089919.0459,3591.82927553023,3914.5012684128,4212.07094272937,2.75812005996704,..,..
Aruba,Latin America & Caribbean,..,..,..,2646927374.30168,2700558659.21788,..,25239.6004109932,25630.2664922069,..,6.14321994781494,..,..
Australia,East Asia & Pacific,28.7,28.7,28.7,1210028388411.7,1330803227996.08,1432195178668.32,50019.9677677114,54093.6021908944,57305.2990162045,..,..,..
Austria,Europe & Central Asia,30.6,30.6,34.4,394052818287.788,416835975862.194,455736580716.185,45103.3298149578,47380.8296365374,51512.9054751534,..,..,..
Azerbaijan,Europe & Central Asia,16.8,16.8,16.8,37867518957.1975,40865558912.3867,46939529411.7647,3880.73873089556,4147.08971569171,4721.17808673142,2.90340995788574,..,..
"Bahamas, The",Latin America & Caribbean,13.2,12.8,12.8,11838800000,12162100000,..,31325.2948289503,31857.890145929,..,..,..,..
Bahrain,Middle East & North Africa,7.5,7.5,7.5,32250132978.7234,35432686170.2128,37746196808.5106,22619.1166718849,23715.4827473156,24050.7575053956,..,2.33548998832703,..
Bangladesh,South Asia,20,20.3,20.3,221415188000.475,249723862487.361,274024958965.892,1401.62062821515,1563.99408178663,1698.26280233547,1.53553998470306,..,..
Barbados,Latin America & Caribbean,16.7,16.7,20,4529050000,4673500000,..,15847.1427171829,16327.6072290756,..,5.09272003173828,4.65651988983154,..
Belarus,Europe & Central Asia,34.5,34.5,34.5,47722657820.6675,54726595249.1849,59662495092.2654,5022.62664330491,5761.74712023007,6289.93855308212,4.94654989242554,4.82003021240234,..
Belgium,Europe & Central Asia,39.3,38,38,469677213719.194,494901708704.269,531766935070.733,41449.097361231,43507.2382031326,46556.0995671478,..,..,..
Belize,Latin America & Caribbean,3.1,9.4,9.4,1806646250,1862614800,1925000000,4904.03433767644,4956.8080389814,5025.17810014332,7.06045007705688,7.08740997314453,..
Benin,Sub-Saharan Africa,7.2,7.2,7.2,8573159696.61128,9246696923.66155,10358985583.235,788.549196450986,827.429810110093,901.954052193336,3.99468994140625,..,..
Bermuda,North America,..,..,..,..,..,..,..,..,..,..,1.49200999736786,..
Bhutan,South Asia,8.5,8.5,8.5,2219675780.89539,2528007911.35353,2534965162.78084,3012.96140117114,3390.71407484432,3360.26686689029,6.80557012557983,7.05048990249634,..
Bolivia,Latin America & Caribbean,53.1,53.1,53.1,33941126193.9219,37508642257.5977,40287647756.8741,3076.6589493424,3351.12405268555,3548.59013979338,..,..,..
Bosnia and Herzegovina,Europe & Central Asia,21.4,21.4,21.4,16913330693.9653,18080118128.3854,19781776101.3881,4994.68314045091,5394.59122017677,5951.32329883943,..,..,..
Botswana,Sub-Saharan Africa,9.5,9.5,9.5,15646323340.5497,17406565823.2986,18616018903.4434,7243.85601689195,7893.67593323318,8258.64166574691,..,..,..
Brazil,Latin America & Caribbean,9.9,10.7,10.7,1796275437087.99,2053594973992.61,1868626087908.48,8712.88704442864,9880.94654326324,8920.76210462979,..,..,..
British Virgin Islands,Latin America & Caribbean,..,..,..,..,..,..,..,..,..,..,..,..
Brunei Darussalam,East Asia & Pacific,6.5,9.1,9.1,11400653949.1783,12128088999.9276,13567099497.8279,27157.3462343457,28572.1094155048,31627.7420793167,4.42540979385376,..,..
Bulgaria,Europe & Central Asia,20.4,23.8,23.8,53240950226.2443,58220973782.7715,65132951116.4756,7469.45563823624,8228.0115697265,9272.62930360848,..,..,..
Burkina Faso,Sub-Saharan Africa,9.4,11,11,10886363726.8422,12322864244.9183,14441763758.6919,583.83262029989,642.040426480339,731.171716967411,..,..,..
Poland,Europe & Central Asia,27.4,28,28,472028000405.803,526371021088.561,585782872331.589,12431.5754242492,13861.0515579074,15424.0460254454,..,..,..
Burundi,Sub-Saharan Africa,36.4,36.4,36.4,2959185295.39019,3172416146.3921,3078029929.10347,282.149681511209,293.009061990821,275.429603285318,4.61813020706177,4.34406995773315,..
Cabo Verde,Sub-Saharan Africa,23.6,23.6,23.6,1662998677.88425,1771235958.20125,1986928611.73543,3130.96338461412,3295.34110553408,3654.00734457117,5.36650991439819,5.22474002838135,..
Cambodia,East Asia & Pacific,20.3,20.3,20,20016747754.0192,22177200511.5811,24571753583.4922,1269.59125737542,1385.2599796333,1512.12670972847,..,..,..
Cameroon,Sub-Saharan Africa,31.1,31.1,31.1,32621535418.9031,34922782310.6416,38502059858.4389,1363.40385121739,1421.58749243688,1526.87571339209,2.68755006790161,3.07793998718262,..
Canada,North America,26,26.3,27,1526705529135.32,1646867220617.47,1709327324240.04,42279.9008231637,45069.9272544324,46124.6651607388,..,..,..
Caribbean small states,,20.4116591928251,21.2651006711409,21.9362416107383,67183921136.4825,69074812658.1643,72930271172.9642,9242.03517827813,9442.91279388821,9910.39788515969,5.31865978240967,5.26773023605347,..
Cayman Islands,Latin America & Caribbean,..,..,..,..,3570575151.26723,..,..,56334.2139924148,..,..,..,..
Central African Republic,Sub-Saharan Africa,7.2,8.6,8.6,1844714794.83758,2167501639.76783,2379716827.4977,406.531961071263,471.603227780125,509.970974805014,..,..,..
Central Europe and the Baltics,,19.8952508960573,22.1234150856085,22.0264692272096,1315627473799.51,1455568032701.07,1630175297325.66,12773.7838358706,14167.6491028513,15902.2996108263,..,..,..
Chad,Sub-Saharan Africa,14.9,12.8,15.3,10090922857.3905,9975692095.40855,11302544204.9904,692.978595813865,664.303315726258,730.244607565426,..,..,..
Channel Islands,Europe & Central Asia,..,..,..,..,..,..,..,..,..,..,..,..
Chile,Latin America & Caribbean,15.8,15.8,22.6,250339876460.228,277746457909.868,298231139609.448,13748.0883953109,15037.3501089968,15923.3590619893,5.35063982009888,..,..
China,East Asia & Pacific,23.6,24.2,24.9,11137945669350.6,12143491448186.1,13608151864637.9,8078.79047437238,8759.04157775098,9770.84708783314,..,..,..
Colombia,Latin America & Caribbean,19.9,18.7,18.1,282825009887.458,311789874617.096,330227866233.324,5871.22352385952,6375.93206285311,6651.29129267621,4.52090978622437,4.39972019195557,..
Comoros,Sub-Saharan Africa,3,6.1,6.1,1024261820.6281,1068124329.86257,1203080507.99878,1287.42096530395,1312.36617372154,1445.45080869998,..,..,..
"Congo, Dem. Rep.",Sub-Saharan Africa,8.9,8.9,8.9,37134799974.4735,38019265625.856,47227535290.9405,471.31884040895,467.07423746454,561.777182390647,2.1186900138855,1.46950995922089,..
"Congo, Rep.",Sub-Saharan Africa,7.4,11.3,11.3,9035848070.90357,8701334800.21976,11263682694.0393,1814.06341798173,1702.571349341,2147.76946104594,..,..,..
Costa Rica,Latin America & Caribbean,33.3,35.1,45.6,57157995872.6843,58174550211.5503,60126014828.5951,11666.4566126052,11752.5436017285,12026.5475337333,7.11873006820679,7.43226003646851,..
Cote d'Ivoire,Sub-Saharan Africa,9.2,10.6,10.6,35296979104.0186,38053610009.4172,43007045466.3406,1481.65230477177,1557.18294760465,1715.53123817013,4.9483699798584,4.36417007446289,..
Croatia,Europe & Central Asia,12.6,18.5,18.5,51623429121.3635,55201417479.3925,60805659436.216,12366.8215382479,13383.6834974431,14869.0906823045,..,..,..
Cuba,Latin America & Caribbean,48.9,48.9,53.2,91370000000,96851000000,..,8060.79588647979,8541.2106734664,..,..,..,..
Curacao,Latin America & Caribbean,..,..,..,3122287932.96089,3116610111.73184,..,19555.3658492891,19457.5315232205,..,..,..,..
Cyprus,Europe & Central Asia,17.9,17.9,17.9,20453761061.9469,22141864998.8731,24469841831.9169,24019.1378679236,25760.7627043417,28159.3016999455,..,..,..
Czech Republic,Europe & Central Asia,20,20,22,195090272402.729,215913545038.43,244105215927.35,18463.3865756564,20379.8960396417,22973.1058464741,..,..,..
Denmark,Europe & Central Asia,37.4,37.4,37.4,311988101661.744,329865537183.47,351299591462.907,54467.1014299458,57218.851961927,60595.5780291713,..,..,..
Djibouti,Middle East & North Africa,12.7,10.8,26.2,1764268468.93991,1844674434.50371,1965982321.62953,1898.87599012811,1953.9035019746,2050.20473202095,..,..,..
Dominica,Latin America & Caribbean,21.9,25,25,575468234.444445,496726248.518519,503646211.111111,8070.29091736358,6951.30354219987,7031.70975373279,..,..,..
Dominican Republic,Latin America & Caribbean,26.8,26.8,26.8,72342967648.3354,75931656814.657,81298585403.3004,6957.56450686802,7222.55404357246,7650.07275254505,..,..,..
Early-demographic dividend,,22.3012957122155,22.3837812553155,22.6939159195752,10512884952663.6,11369554644897.9,11636654057050,3321.45729935824,3545.02222103627,3581.45598228119,..,..,..
East Asia & Pacific,,19.3918731041456,19.6588272383354,20.2235456369107,22447570589125.6,23912261117830.8,25918289434655.4,9766.12286889876,10332.8322621933,11132.2296645573,..,..,..
East Asia & Pacific (excluding high income),,19.8133819589163,20.0664637767221,20.5838044758539,13457752355494.1,14646215900250.9,16279999801740.6,6554.7912428556,7081.77637859757,7820.71227950796,..,..,..
East Asia & Pacific (IDA & IBRD),,20.1601124524558,20.4731409727947,21.0434732886783,13431911479092.8,14618128658743,16248767389147.8,6623.97818901189,7156.32031869716,7902.8493462945,..,..,..
Ecuador,Latin America & Caribbean,41.6,38,38,99937696000,104295862000,108398058000,6060.09332904415,6213.50127649921,6344.87197850057,..,..,..
"Egypt, Arab Rep.",Middle East & North Africa,14.9,14.9,14.9,332927833278.038,235369129337.711,250895469644.498,3525.02016450058,2440.51017311107,2549.13945832295,..,..,..
El Salvador,Latin America & Caribbean,32.1,32.1,31,24154120000,24927970000,26056950000,3800.12218101449,3902.23762163591,4058.24465202163,3.86991000175476,3.75132989883423,..
Equatorial Guinea,Sub-Saharan Africa,24,24,20,11233177619.4663,12289913729.3358,13317453070.3876,9244.05179769096,9738.43422416926,10173.963020188,..,..,..
Eritrea,Sub-Saharan Africa,22,22,22,..,..,..,..,..,..,..,..,..
Estonia,Europe & Central Asia,23.8,26.7,26.7,23984296770.8115,26611651598.9453,30284890757.0585,18228.0582545935,20200.3755920409,22927.7444174193,..,..,..
Eswatini,Sub-Saharan Africa,6.2,6.2,7.2,3817430000,4433664364.24725,4703787506.89153,3426.82659715041,3941.90045658669,4139.96194908385,..,..,..
Ethiopia,Sub-Saharan Africa,38.8,38.8,38.8,74271281810.8189,81716326730.819,84355462494.0837,716.880038743275,768.010416339934,772.312227821251,..,..,..
Euro area,,30.3417610353594,31.9755031228314,31.7342422176778,11983158705495.2,12634710106684,13669950928580.3,35180.7495786533,37034.08536758,39995.9743148978,..,..,..
Europe & Central Asia,,26.1176508941878,27.6204132690882,27.8590675947976,20361374748400.9,21523445203238.8,23033946317434.9,22330.6631411294,23512.0943586459,25069.7725453601,..,..,..
Europe & Central Asia (excluding high income),,18.6343447905478,20.3125430007939,20.7757773713091,2960291936549.57,3317273632219.24,3394924024495.23,7161.5135534936,7979.76034048572,8125.76906050684,3.95463991165161,..,..
Europe & Central Asia (IDA & IBRD),,19.3543021914648,21.0557175398633,21.4471383506084,3483943366076.73,3898846070787.19,4041512556263.03,7648.51844554889,8516.29187660813,8788.47217036791,3.95463991165161,..,..
European Union,,28.418549063461,30.3879661016949,30.5223665828444,16553075746191.8,17344924399291.3,18748572435144.2,32379.6474642096,33864.166064228,36531.7308293553,..,..,..
Faroe Islands,Europe & Central Asia,..,..,..,2689157270.82312,..,..,55822.9147203438,..,..,..,..,..
Fiji,East Asia & Pacific,16,16,16,4926740193.66773,5270335184.70768,5479504926.19335,5647.34736475825,6006.36062164463,6202.16226706496,..,..,..
Finland,Europe & Central Asia,41.5,42,42,239009517793.721,252301837573.029,275683141235.383,43493.4193426133,45804.6542078846,49960.2470502049,..,..,..
Fragile and conflict affected situations,,17.2333220568336,17.698726541555,17.980043638805,742768301130.004,829348955384.778,832156321421.56,1505.74077960332,1645.14445725453,1615.16029158997,..,..,..
France,Europe & Central Asia,26.2,39,39.6,2471285607081.72,2586285406561.51,2777535239277.98,36962.222290118,38679.1271482419,41463.6440227034,..,..,..
French Polynesia,East Asia & Pacific,..,..,..,..,..,..,..,..,..,..,..,..
Gabon,Sub-Saharan Africa,14.2,17.1,17.1,14014369641.7689,14892609693.1667,17017401831.9223,6979.70919563581,7212.53574430676,8029.82238356148,..,..,..
Georgia,Europe & Central Asia,..,16,16,14378036929.0573,15081330942.4188,16209818081.3701,3857.28172841011,4045.41704955757,4344.63095185476,3.78477001190186,3.8299400806427,..
Germany,Europe & Central Asia,36.5,37,30.7,3495162856297.22,3693204332229.78,3996759291057.81,42443.4650704217,44681.0825806359,48195.5799044116,..,..,..
Ghana,Sub-Saharan Africa,10.9,12.7,12.7,55009730589.4447,58996776244.424,65556464056.4301,1931.38946999776,2025.88585736016,2202.31216470307,5.76632022857666,4.50979995727539,..
Gibraltar,Europe & Central Asia,..,..,..,..,..,..,..,..,..,..,..,..
Greece,Europe & Central Asia,19.7,18.3,18.7,195222443512.937,203085551429.132,218031844583.994,18116.4596223336,18883.4600669282,20324.2535641478,..,..,..
Greenland,Europe & Central Asia,..,..,..,2713534471.23312,..,..,48295.5624396312,..,..,..,..,..
Grenada,Latin America & Caribbean,33.3,33.3,46.7,1061631222.22222,1126882296.2963,1207454555.55556,9628.34748662013,10163.6298527725,10833.6583303924,10.2931299209595,..,..
Guam,East Asia & Pacific,..,..,..,5793000000,5859000000,..,35550.5642800596,35664.5016770046,..,..,..,..
Guatemala,Latin America & Caribbean,13.9,12.7,12.7,68663653469.1246,75620095537.5005,78460447919.9915,4140.59006414525,4470.61079849788,4549.01008110721,2.83280992507935,2.79538011550903,..
Guinea,Sub-Saharan Africa,21.9,21.9,21.9,8604520929.47352,9915311049.15133,10989790256.3533,733.020758844682,821.651460927645,885.251228166811,2.51799988746643,2.21199989318848,..
Guinea-Bissau,Sub-Saharan Africa,13.7,13.7,13.7,1178204501.38801,1346841897.00437,1458156026.13413,661.007654906181,736.725566231783,777.969921786711,..,..,..
Guyana,Latin America & Caribbean,30.4,31.9,31.9,3504024213.07506,3555205811.13802,3610435298.87019,4542.62206666493,4586.05457171312,4634.68133523087,6.06099987030029,6.25074005126953,..
Haiti,Latin America & Caribbean,0,2.5,2.5,7975563430.00341,8408252995.16143,9658084644.22796,735.755120171312,765.61398474258,868.284799613704,2.44958996772766,..,..
Heavily indebted poor countries (HIPC),,23.5775759296055,24.323535988819,24.2100808700502,676659153166.275,751960655126.504,726462917498.083,916.401453980508,990.586869563415,931.082905228974,4.00177001953125,..,..
High income,,26.3942874203822,27.521931309109,27.8742685449709,48848458207801,51002983022253.9,54108061206415.4,40763.0858603254,42346.1732461324,44705.8730597169,..,..,..
Honduras,Latin America & Caribbean,25.8,25.8,21.1,21566622849.6057,22940179173.6147,23803230472.6372,2326.29702734293,2432.9353638196,2482.73020626573,6.30177021026611,5.95604991912842,..
"Hong Kong SAR, China",East Asia & Pacific,..,..,..,320860698504.309,341648103474.824,362992536837.405,43734.2499937722,46220.5045489974,48717.2912142538,3.29264998435974,3.30964994430542,..
Hungary,Europe & Central Asia,10.1,10.1,12.6,126007978024.32,139761138102.757,155703069815.638,12839.5845439042,14278.8744978024,15938.8367965554,..,..,..
IBRD only,,21.8007557749741,22.3673463195582,22.8353641667168,26007239891224.9,28632922079785.2,30464715328517.2,5547.9906360298,6052.03861067607,6383.67595205185,..,..,..
Iceland,Europe & Central Asia,47.6,47.6,38.1,20716024757.4057,24489493459.0074,25878475760.1131,61757.9493064483,71314.774196294,73191.1163154337,..,..,..
IDA & IBRD total,,21.3817079121645,21.9167422851799,22.144144175518,28049516210776.8,30781503584021.9,32669573236385.7,4483.51940392346,4858.92833931345,5094.65262563418,..,..,..
IDA blend,,18.7429118773946,19.1835029686175,19.1781090289608,949684642860.357,942180672601.184,991212192923.733,1787.14029237199,1733.46049894139,1783.29905551662,5.27239489555359,4.65269994735718,..
IDA only,,21.3135796255285,21.8190414507772,21.6791889117043,1099425202189.94,1216320828718.15,1221072552795.69,1060.14406372819,1147.04662371405,1126.02737880294,4.00885009765625,..,..
IDA total,,20.8219653179191,21.3176214297241,21.1933735936466,2053098161979.64,2157791845822.82,2213713643331.96,1308.99675157711,1345.32433324963,1349.6294318427,4.04160022735596,..,..
India,South Asia,12,11.8,11.8,2290432075123.75,2652551202555.27,2726322616821.31,1729.26802051544,1981.49904456819,2015.59048548675,..,..,..
Indonesia,East Asia & Pacific,17.1,19.8,19.8,931877364177.742,1015423455783.28,1042173300625.55,3562.84575641971,3836.91381389271,3893.59607757239,..,..,..
"Iran, Islamic Rep.",Middle East & North Africa,5.9,5.9,5.9,418976679728.567,454012768723.589,..,5265.90663458425,5627.74926845456,..,3.36576008796692,3.79040002822876,..
Iraq,Middle East & North Africa,26.5,25.3,25.5,170219966159.052,193158783783.784,225914183047.981,4649.46811513804,5143.66123200793,5878.03856646219,..,..,..
Ireland,Europe & Central Asia,22.2,22.2,22.2,302242900803.522,331430014003.047,375902683115.574,63558.6979263338,68941.8066532278,77449.7204939221,..,..,..
Isle of Man,Europe & Central Asia,..,..,..,6592627599.24386,..,..,79155.541672096,..,..,..,..,..
Israel,Middle East & North Africa,26.7,27.5,27.5,319377923613.703,353268411918.577,369690434708.801,37371.6269147791,40543.5841665702,41613.9979185485,..,..,..
Italy,Europe & Central Asia,31,31,35.7,1869201702185.17,1946570340341.13,2073901988878.23,30830.9226645832,32155.2058659338,34318.3511241724,..,..,..
"Gambia, The",Sub-Saharan Africa,9.4,10.3,10.3,1442298542.08538,1489464787.85603,1624464137.00149,671.105285458678,672.780534143022,712.452397744265,3.08512997627258,..,..
Jamaica,Latin America & Caribbean,17.5,17.5,17.5,14072135208.5664,14781107821.7513,15717858486.9424,4842.04501096139,5060.54492360667,5355.58263932713,5.31865978240967,5.26773023605347,..
Japan,East Asia & Pacific,9.5,9.3,10.1,4926667087367.51,4859950558538.97,4970915556638.88,38794.3309405515,38331.9793978104,39286.7376488008,3.46745991706848,..,..
Jordan,Middle East & North Africa,15.4,15.4,15.4,39252468265.1622,40765867418.8999,42290832157.969,4109.57481873331,4168.64160383499,4247.76872564413,3.89620995521545,3.59959006309509,..
Kazakhstan,Europe & Central Asia,27.1,27.1,27.1,137278320084.171,162886867831.694,170538870248.194,7714.84184376024,9030.31880602652,9331.04694986684,2.97810006141663,2.87849998474121,..
Kenya,Sub-Saharan Africa,19.7,21.8,21.8,69188755510.9427,78757391333.0088,87908262520.2133,1410.52757107967,1568.20154066387,1710.51009699983,5.36266994476318,5.23897981643677,..
Kiribati,East Asia & Pacific,6.5,6.5,6.5,178328873.030033,185572501.532802,188284518.828452,1584.80744578963,1625.575969558,1625.28610001512,..,..,..
"Korea, Dem. People's Rep.",East Asia & Pacific,16.3,16.3,16.3,..,..,..,..,..,..,..,..,..
"Korea, Rep.",East Asia & Pacific,17,17,17,1414804158515.26,1530750923148.7,1619423701169.63,27608.2474287116,29742.8388613471,31362.75147294,..,..,..
Kosovo,Europe & Central Asia,..,..,..,6714712389.38053,7227764976.79274,7900268735.55547,3697.12167678699,3948.08815032105,4281.29232946159,..,..,..
Kuwait,Middle East & North Africa,1.5,3.1,3.1,109420059582.92,119551599076.822,141677814569.536,27653.1644010105,29474.5414315342,34243.9529098591,..,..,..
Kyrgyz Republic,Europe & Central Asia,19.2,19.2,19.2,6813092065.83507,7702934800.12836,8092836608.78875,1120.66651300848,1242.76964282023,1281.36366078545,6.58615016937256,7.20772981643677,..
Lao PDR,East Asia & Pacific,27.5,27.5,27.5,15805707154.2329,16853087485.4118,18130724396.3364,2308.80261610221,2423.8462031921,2567.54321653103,..,..,..
Late-demographic dividend,,19.9113519790961,20.6260501778333,21.1012378594553,18420068944177.9,20357700189949,22163680628575.5,8142.69421072263,8943.25320963468,9684.10462115806,..,..,..
Latin America & Caribbean,,28.7077086781745,29.2849859022556,30.6818605735603,5387475015449.07,5970989904971.94,5787292630122.98,8561.87535815475,9397.62070912358,9023.50482339477,4.52063989639282,..,..
Latin America & Caribbean (excluding high income),,30.0057692307692,30.5442961800105,31.9350523560209,4857776801085.38,5405037342852.1,5193396903833.44,8131.54100916324,8959.80202540338,8527.55021502256,4.52037000656128,..,..
Latin America & Caribbean (IDA & IBRD),,25.4932375316991,26.2125594405594,27.1948271092669,5154283302707.55,5732278498069.47,5555732855564.57,8404.75274205975,9253.66648399388,8881.07710477437,4.52063989639282,..,..
Latvia,Europe & Central Asia,18,16,16,27695474684.447,30463302413.7289,34849078085.6672,14133.6829488022,15684.558518649,18088.9272518674,..,..,..
Least developed countries: UN classification,,22.7911103503366,23.1773389008013,22.939969640355,960073446690.598,1077755716481.29,1052226807868.15,996.431978125181,1092.65396589394,1042.15688567211,3.31524991989136,..,..
Lebanon,Middle East & North Africa,3.1,3.1,4.7,51239050082.9187,53393799668.325,56639155555.5556,7634.94654364282,7838.34338489943,8269.78767551923,..,..,..
Lesotho,Sub-Saharan Africa,25,22.9,22.1,2323419617.12079,2578265355.71255,2791762880.25884,1119.71975778363,1232.78691893924,1324.282767995,..,..,6.36087989807129
Liberia,Sub-Saharan Africa,11,12.3,12.3,3277826000,3285455000,3249000000,714.623392230031,698.70176435511,674.209484710137,4.00885009765625,3.82627010345459,..
Libya,Middle East & North Africa,16,16,16,26221660067.6697,38115981878.5647,48319620013.078,4038.9706833761,5792.06510994303,7235.02811502498,..,..,..
Liechtenstein,Europe & Central Asia,20,12,12,6214633651.30911,..,..,165028.245029187,..,..,..,..,..
Lithuania,Europe & Central Asia,21.3,21.3,21.3,42973365745.2891,47544459558.9514,53251369047.3762,14982.5330474739,16809.6482569674,19089.7075056564,..,..,..
Low & middle income,,21.8498653500898,22.316447661852,22.5991190796974,27266081638284.5,29912421055585,31713927460930.4,4378.15729093091,4743.06386199689,4967.75298688839,..,..,..
Low income,,21.9728186968839,22.472894183602,22.3446381482567,493881247719.937,526941900134.806,572219390199.091,737.007061489546,766.517216376315,811.178536682247,3.53978991508484,..,..
Lower middle income,,20.0489106409852,20.4576874738165,20.2145593468704,6023987416728.54,6521854050234.47,6707523521117.75,2049.09322458204,2187.49882855239,2218.89974912334,..,..,..
Luxembourg,Europe & Central Asia,28.3,28.3,28.3,58961235412.2227,62316359824.1281,69487922619.3401,101305.527723083,104498.738671031,114340.498741773,..,..,..
"Macao SAR, China",East Asia & Pacific,..,..,..,45322259884.1791,50559431846.4989,54545184267.5751,73954.9567652342,81208.882074735,86355.407651836,3.08310008049011,..,..
Madagascar,Sub-Saharan Africa,20.5,19.2,19.2,9958655044.98547,11465850504.0067,12100459087.2532,400.036275054268,448.400796541908,460.752780832755,..,..,..
Malawi,Sub-Saharan Africa,16.7,16.7,16.7,5433040159.88747,6303292264.18905,7064971176.34408,315.777326372575,356.717573153369,389.398033178836,4.74856996536255,4.03133010864258,..
Malaysia,East Asia & Pacific,10.4,10.4,13.9,296753497922.573,314707268049.991,354348422831.193,9671.02471707407,10117.569032569,11238.9573725301,4.82753992080688,4.74386978149414,..
Maldives,South Asia,5.9,5.9,5.9,4414055724.73387,4865546025.86599,5272288442.84566,9282.72355273961,9801.62454193575,10223.6364890278,4.25198984146118,..,..
Mali,Sub-Saharan Africa,8.8,8.8,8.8,14010787737.8424,15339614406.6617,17196688919.9878,779.874933008414,828.613220238384,901.403100689224,3.09070992469788,..,..
Malta,Middle East & North Africa,12.9,11.9,11.9,11442612408.8179,12748803180.3035,14542039605.2294,25128.9373782665,27241.0906440045,30074.7411850959,..,..,..
Marshall Islands,East Asia & Pacific,9.1,9.1,9.1,194497900,204173400,211523642.4,3368.80401835975,3516.7143201626,3621.17409480766,..,..,..
Mauritania,Sub-Saharan Africa,25.2,25.2,20.3,4727937032.27564,4975432190.51025,5365868725.27374,1135.55864615868,1161.78545671604,1218.59640995207,2.63106989860535,..,..
Mauritius,Sub-Saharan Africa,11.6,11.6,11.6,12232463655.5727,13259351418.4459,14220348672.7333,9681.61856689674,10484.9083620411,11238.6903948961,5.01359987258911,5.02312994003296,..
Mexico,Latin America & Caribbean,42.4,42.6,48.2,1077827944342.35,1158071006809.62,1223808885585.61,8739.14247139677,9281.10148290743,9698.0841865066,..,..,..
"Micronesia, Fed. Sts.",East Asia & Pacific,0,0,0,329895600,336427500,344501760,2993.20056253686,3018.39689930827,3058.43181818182,..,..,..
Middle East & North Africa,,17.0153100280684,16.2271013754457,16.6301296720061,3149687655679.88,3275008659269.25,3616868653980.99,7264.07956781543,7422.02790339989,8056.95043362745,..,..,..
Middle East & North Africa (excluding high income),,17.5585873830365,16.5819741197713,16.9671480144404,1453306730365.21,1437537340501.73,..,3924.92335710536,3817.68617419562,..,..,..,..
Middle East & North Africa (IDA & IBRD),,17.5585873830365,16.5819741197713,16.9671480144404,1439713130591.26,1422817551938.79,..,3934.6167024567,3823.83320020438,..,..,..,..
Middle income,,21.8102355734113,22.2657368707977,22.6776456760544,26772108788027,29382511794670.9,31140959360365.4,4817.17609489435,5229.03176445357,5483.97202284359,..,..,..
Moldova,Europe & Central Asia,21.8,22.8,22.8,8071480540.86068,9669759987.02633,11309082555.1568,2272.40570707297,2724.49309280928,3189.35581212262,6.66130018234253,6.68377017974854,..
Monaco,Europe & Central Asia,20.8,20.8,33.3,6468252212.38938,6400946585.53076,..,169904.18209586,166726.051925682,..,1.37101995944977,..,..
Mongolia,East Asia & Pacific,17.1,17.1,17.1,11186734674.3847,11433635875.9316,13009574620.6012,3660.15074616061,3671.94841892492,4103.69749259392,5.18211984634399,4.06642007827759,..
Montenegro,Europe & Central Asia,23.5,23.5,23.5,4374128318.58407,4844592066.71174,5452173040.60434,7028.93657685094,7784.06528996557,8760.69228579702,..,..,..
Morocco,Middle East & North Africa,20.5,20.5,20.5,103345296966.607,109708728848.535,118495328198.08,2897.66343955565,3036.17106160684,3237.88336815666,..,..,..
Mozambique,Sub-Saharan Africa,39.6,39.6,39.6,10896894351.3881,12651912500.4128,14457964380.8548,391.552894770249,441.61783689092,490.167582289902,..,..,..
Myanmar,East Asia & Pacific,9.9,10.2,10.2,63256184700.2223,66719084835.9898,71214803377.8188,1192.49533785043,1249.82875661238,1325.95292370622,..,2.16569995880127,..
Namibia,Sub-Saharan Africa,41.3,41.3,46.2,11286139080.0065,13566192142.5835,14521711630.1744,4786.23530295128,5646.45600733184,5931.45388457263,..,..,..
Nauru,East Asia & Pacific,5.3,10.5,10.5,102055047.945899,113880715.219337,114718022.803078,7820.9094908345,8844.41714968444,9030.07106447406,..,..,..
Nepal,South Asia,29.6,29.6,32.7,21185922407.5922,24880266905.4961,28812491891.5812,777.147595512165,900.57390358461,1025.79835586617,4.44098997116089,5.09562015533447,..
Netherlands,Europe & Central Asia,37.3,36,36,783528181704.567,830572618849.829,912872334082.473,46007.8529206547,48482.766210439,52978.4361586128,..,..,..
New Caledonia,East Asia & Pacific,..,..,..,..,..,..,..,..,..,..,..,..
New Zealand,East Asia & Pacific,31.4,34.2,38.3,187854022728.459,202590814084.991,205024937871.546,40026.8521964671,42260.1251767853,41966.0091846374,6.30374002456665,..,..
Nicaragua,Latin America & Caribbean,41.3,45.7,45.7,13286093197.4791,13843586679.5401,13117859221.6626,2107.57423769183,2168.19123997963,2028.89689057351,4.11263990402222,4.34879016876221,..
Niger,Sub-Saharan Africa,14.6,17,17,7528285443.60769,8119710126.32655,9239513529.65905,362.131132274334,375.869489673522,411.688942542622,4.04160022735596,3.54273009300232,..
Nigeria,Sub-Saharan Africa,5.6,5.6,5.6,404649527537.753,375745486520.656,397269616080.908,2175.99967021858,1968.55958830544,2028.18197017598,..,..,..
North America,,22.2971428571429,22.409765625,22.8598692810458,20239948343915.9,21138584471481.7,22210071092088.7,56340.176507086,58434.030875745,60968.0621546807,..,..,..
North Macedonia,Europe & Central Asia,33.3,34.2,38.3,10672471860.7184,11279509013.9119,12672131053.1578,5129.15896023703,5417.64201944282,6083.71894832148,..,..,..
Northern Mariana Islands,East Asia & Pacific,..,..,..,1250000000,1593000000,..,22246.7430768136,28163.7848732364,..,..,..,..
Norway,Europe & Central Asia,39.6,39.6,41.4,371344761904.762,399488897844.046,434750937596.065,70941.5252680833,75704.2486981247,81807.198038676,..,..,..
OECD members,,28.0929506854921,29.0524101934295,29.715587820125,47774577522532.4,49785139926010.5,52599426237174.8,37070.560613065,38407.7692808778,40351.5440292243,..,..,..
Oman,Middle East & North Africa,1.2,1.2,1.2,65941482444.7334,70783875162.5488,79294928478.5436,14721.6473328796,15170.3517435517,16418.9269283158,6.10957002639771,6.67393016815186,..
Other small states,,18.7921822272216,19.0819250139899,19.5439200444198,366455822163.981,404664548115.563,451600134482.403,12404.2014376453,13422.2439405735,14681.8913483276,..,..,..
Pacific island small states,,5.93126684636119,7.00296495956873,7.5244623655914,9280440561.9027,9883385373.76577,10302802236.0798,3885.78208827538,4080.52619674354,4192.61845547684,..,..,..
Pakistan,South Asia,20.6,20.6,20.6,278654637737.69,304951818494.066,312570060548.453,1368.45432627629,1466.84309577722,1472.89313366943,2.49180006980896,2.76047992706299,..
Palau,East Asia & Pacific,0,12.5,12.5,303984500,289823500,310111145,17150.0423131171,16274.9045372866,17317.872619646,..,..,..
Panama,Latin America & Caribbean,18.3,18.3,18.3,57957600000,62283800000,65055100000,14356.3240541798,15166.124432066,15575.0725482915,..,..,..
Papua New Guinea,East Asia & Pacific,2.7,0,0,20759048834.9824,22277692408.8879,23431596214.0081,2509.62900700485,2640.153572462,2722.60467940151,..,..,..
Paraguay,Latin America & Caribbean,15,13.8,15,36054281572.3981,39008900331.6733,40842341774.2489,5319.41021789703,5680.58076826353,5871.46706441738,4.52037000656128,..,..
Peru,Latin America & Caribbean,27.7,27.7,27.7,191907499037.066,210702303186.432,222237570741.8,6205.37090038145,6700.81138040492,6947.2566270938,3.81826996803284,3.92395997047424,..
Philippines,East Asia & Pacific,29.8,29.5,29.5,304897590205.413,313619747740.186,330910343610.956,2941.21203999356,2981.93415144162,3102.71336329931,..,..,..
Portugal,Europe & Central Asia,34.8,34.8,34.8,206275669201.916,219308125506.737,237978936954.963,19977.3984908279,21291.430881308,23145.7348414564,..,..,..
Post-demographic dividend,,28.5858147587102,29.7310072487288,30.3028169014085,45382709162116,47254338522135.4,50023566077996.2,41182.4280377386,42724.0824887603,45066.3864630919,..,..,..
Pre-demographic dividend,,21.833139219935,22.535427270292,22.2535408872261,1220907452742.51,1304089254135.53,1312866909305.48,1403.4323743111,1457.87669385646,1427.8279125479,3.99468994140625,..,..
Puerto Rico,Latin America & Caribbean,..,..,..,104336700000,104250200000,101130900000,30628.7547758033,31353.4341794183,31651.3481514031,..,..,..
Qatar,Middle East & North Africa,0,0,9.8,151732142857.143,166928571428.571,192009340659.341,57163.0609918357,61264.3964777979,69026.4688025751,..,2.85226988792419,..
Romania,Europe & Central Asia,13.7,20.7,20.7,188494136775.719,211406933991.363,239552516744.469,9567.0977819133,10792.9562796666,12301.1864034302,..,..,..
Russian Federation,Europe & Central Asia,12.7,15.8,15.8,1282723881083.71,1578624060588.26,1657553765580.67,8745.37511648808,10750.5871197198,11288.8724435206,..,..,..
Rwanda,Sub-Saharan Africa,63.8,61.3,61.3,8475681532.52169,9135454442.14013,9509003196.73999,726.353048999624,762.499163641385,772.967838382225,3.53978991508484,3.2056999206543,..
Samoa,East Asia & Pacific,10,10,10,786640012.24318,841538412.998896,861494700.74813,4043.69399975932,4307.80546397731,4392.46775479595,4.08104991912842,..,..
San Marino,Europe & Central Asia,16.7,26.7,26.7,1564380530.97345,1632860040.56795,..,46692.3510916145,48494.5514112427,..,..,..,..
Sao Tome and Principe,Sub-Saharan Africa,18.2,18.2,18.2,347545391.785,375040173.816889,422296762.322469,1710.13394767919,1811.00963265499,2001.14090226164,5.07532978057861,4.85713005065918,..
Saudi Arabia,Middle East & North Africa,19.9,19.9,19.9,644935541440,688586133333.333,782483466666.667,19879.2975304177,20803.7425657324,23219.1304831033,..,..,..
Senegal,Sub-Saharan Africa,42.7,41.8,41.8,19027392875.8489,21081669870.0624,24129599551.8342,1269.04040702421,1367.21894802796,1521.9535542169,6.62560987472534,6.1956000328064,..
Serbia,Europe & Central Asia,34,34.4,34.4,40630392018.541,44120424391.86,50508366849.6463,5756.38119351044,6284.192671588,7233.99587424704,3.8617799282074,..,..
Seychelles,Sub-Saharan Africa,21.2,21.2,21.2,1427524565.30226,1503168689.81984,1590180446.19384,15077.8390242853,15683.6564988559,16433.9352865158,4.4183201789856,..,..
Sierra Leone,Sub-Saharan Africa,12.4,12.4,12.3,3674794530.18956,3739577973.23943,3999945202.44328,501.415712857832,499.38070781976,522.858128404118,3.06023001670837,4.63672018051147,..
Singapore,East Asia & Pacific,23.8,23,23,318068476293.883,338406474038.67,364156657769.87,56724.1703858863,60297.7937806208,64581.9440183954,..,..,..
Sint Maarten (Dutch part),Latin America & Caribbean,..,..,..,..,..,..,..,..,..,..,..,..
Slovak Republic,Europe & Central Asia,20,20,20,89848359304.5293,95617670260.1145,106472189680.752,16544.2278104487,17579.2593991421,19546.9019028513,..,..,..
Slovenia,Europe & Central Asia,36.7,36.7,24.4,44641210338.2514,48455919386.0505,54235484383.0673,21617.5798546719,23449.5745165237,26234.0228962506,..,..,..
Small states,,17.2318304431599,17.7362763915547,18.2454961832061,442920183862.366,483622746147.494,535692556049.443,11298.8194116751,12125.1629561174,13202.4231194485,..,..,..
Solomon Islands,East Asia & Pacific,2,2,4,1232699140.37163,1321131090.73503,1411904531.44787,1990.0314969426,2077.12603765032,2162.65180398781,..,..,..
Somalia,Sub-Saharan Africa,13.8,24.4,24.4,6839998517.02752,7128000000,7484000000.00001,482.178564791491,488.583306503977,498.662260528511,..,..,..
South Africa,Sub-Saharan Africa,41.8,42,42.3,295746599723.99,348871647962.321,366298209834.58,5262.05288581397,6120.5068002413,6339.57435433862,5.94058990478516,6.12534999847412,..
South Asia,,19.4064502875924,19.408096999589,18.2569662387066,2920085235751.32,3347712176123.4,3457801122272.87,1648.67847916526,1867.27224804395,1905.76640960073,3.47508001327515,3.36706995964051,..
South Asia (IDA & IBRD),,19.4064502875924,19.408096999589,18.2569662387066,2920085235751.32,3347712176123.4,3457801122272.87,1648.67847916526,1867.27224804395,1905.76640960073,3.47508001327515,3.36706995964051,..
South Sudan,Sub-Saharan Africa,28.5,28.5,28.5,3070885014.08113,..,..,283.487801728826,..,..,1.49687004089355,0.981149971485138,..
Spain,Europe & Central Asia,39.1,39.1,39.1,1237499479181.11,1314314164402.2,1426189137596.58,26622.2991436203,28208.2610532181,30523.8592390474,..,..,..
Sri Lanka,South Asia,5.8,5.8,5.8,82401038709.5356,88019706803.834,88900770857.6351,3886.29150165239,4104.63098320435,4102.48135014467,3.47508001327515,2.80738997459412,..
St. Kitts and Nevis,Latin America & Caribbean,13.3,13.3,13.3,958973183.222222,992007403.125926,1039875050.37037,18575.7517331181,19060.5707200677,19829.4283169728,..,..,..
St. Lucia,Latin America & Caribbean,16.7,16.7,16.7,1688244703.7037,1810139888.88889,1876189777.77778,9377.88685788397,10003.2598650984,10315.0260751215,5.71023988723755,..,..
St. Martin (French part),Latin America & Caribbean,..,..,..,..,..,..,..,..,..,..,..,..
St. Vincent and the Grenadines,Latin America & Caribbean,13,13,13,770762204.076066,785222509.144563,813093984.074074,7041.56080428349,7149.63086622199,7377.67883199414,5.79986000061035,5.75045013427734,..
Sub-Saharan Africa,,23.4964158899245,24.2287003411467,24.0045095457538,1545226165544.37,1679162216563.35,1697193308364.39,1511.18440801857,1598.96809517926,1573.94328689062,4.00177001953125,..,..
Sub-Saharan Africa (excluding high income),,23.5048557745851,24.2397393417274,24.0147010241163,1543798794170.86,1677659255398.8,1695603277168.42,1509.92828816108,1597.68272667085,1572.60984199739,4.00177001953125,..,..
Sub-Saharan Africa (IDA & IBRD),,23.4964158899245,24.2287003411467,24.0045095457538,1545226165544.37,1679162216563.35,1697193308364.39,1511.18440801857,1598.96809517926,1573.94328689062,4.00177001953125,..,..
Sudan,Sub-Saharan Africa,30.5,30.5,30.5,95558220776.921,123053386001.137,40851536133.7642,2398.10187999332,3015.02442975186,977.273635724417,..,..,..
Suriname,Latin America & Caribbean,25.5,25.5,25.5,3167164370.80564,3068766109.75333,3427269681.74204,5606.71207532403,5379.11941495353,5950.21394733953,..,..,..
Sweden,Europe & Central Asia,43.6,43.6,46.1,512205240408.433,535607385506.432,551031682226.344,51617.5403524643,53253.4766411192,54111.9721723671,..,..,..
Zimbabwe,Sub-Saharan Africa,31.5,32.6,31.5,20548678100,22813010116.1292,31000519447.175,1464.58352903946,1602.40350699048,2146.99638487707,..,..,..
Zambia,Sub-Saharan Africa,18,18,18,20954754378.1394,25868142076.7897,26720073435.9014,1280.57844679257,1534.86537052245,1539.90015779907,..,..,..
"Yemen, Rep.",Middle East & North Africa,0,0,0,30968242967.7823,26818703092.5852,26914402223.7828,1139.87056813026,963.494720967854,944.408499373419,..,..,..
World,,23.0203347687891,23.6506251275771,23.9687042815489,76103531034285,80885580989211.6,85790820876816.1,10248.1111249672,10768.9633561707,11296.7825551582,..,..,..
West Bank and Gaza,Middle East & North Africa,..,..,..,13425700000,14498100000,14615900000,3074.29115236515,3254.48588658763,3198.86664447405,5.7177300453186,5.2523398399353,..
Virgin Islands (U.S.),Latin America & Caribbean,..,..,..,3863000000,3855000000,..,35931.5412519766,35938.0243875154,..,..,..,..
Vietnam,East Asia & Pacific,26.7,26.7,26.7,205276172134.901,223779865815.183,244948445308.883,2192.21453866566,2365.62166567374,2563.82073058085,..,..,..
"Venezuela, RB",Latin America & Caribbean,14.4,22.2,22.2,..,..,..,..,..,..,..,..,..
Vanuatu,East Asia & Pacific,0,0,0,787942567.411846,849708342.698412,887817896.301835,2830.96528369865,2976.1071160324,3033.40814644607,..,4.69537019729614,..
Uzbekistan,Europe & Central Asia,16,16,16,81779019095.6692,59159949231.4924,50499920318.2926,2567.79941835001,1826.56703999223,1532.37163919396,6.91097021102905,6.41335010528564,..
Uruguay,Latin America & Caribbean,16.2,20.2,20.2,52687612261.5424,56488991831.0239,59596885024.3487,15387.1440299446,16437.2448692778,17277.9701105496,..,..,..
United States,North America,19.4,19.4,19.6,18707188235000,19485393853000,20494099845390.2,57904.2019610641,59927.9298339535,62641.0140973573,..,..,..
United Kingdom,Europe & Central Asia,29.6,32,32.2,2659238931670.25,2637866340434.13,2825207947502.9,40539.9196069162,39932.0602923845,42491.3644350973,5.54179000854492,..,..
United Arab Emirates,Middle East & North Africa,22.5,22.5,22.5,357045064669.843,382575085091.899,414178897208.986,38141.8467585492,40325.3820005643,43004.9486462341,..,..,..
Ukraine,Europe & Central Asia,12,12.3,12.3,93355993628.5042,112190355158.178,130832374404.882,2187.73199668415,2640.67567655839,3095.17358053586,5.01436996459961,..,..
Uganda,Sub-Saharan Africa,33.5,34.3,34.3,24133664284.5089,25995031850.1545,27476945526.013,608.705735097409,631.522719792278,643.139670191672,2.55882000923157,2.64100003242493,..
Tuvalu,East Asia & Pacific,6.7,6.7,6.7,36547419.8730745,40620557.1335093,42587778.4724662,3255.89486619818,3572.60836706326,3700.71067713471,..,..,..
Turks and Caicos Islands,Latin America & Caribbean,..,..,..,950357510,962525840,1022312010,25995.1724609535,25933.6074363465,27142.2277976902,..,..,..
Turkmenistan,Europe & Central Asia,25.8,25.8,24.8,36180000000,37926285714.2857,40761142857.1429,6389.54840833488,6587.09031628698,6966.63541063077,..,..,..
Turkey,Europe & Central Asia,14.9,14.6,17.4,863721648068.806,851549231502.615,766509088837.579,10820.633842346,10499.7455731688,9311.36611728167,..,..,..
Tunisia,Middle East & North Africa,31.3,31.3,31.3,41808379888.2682,39952095560.8829,39860715814.4238,3698.56507526382,3494.31886448228,3446.60723792022,..,..,..
Trinidad and Tobago,Latin America & Caribbean,31,31,31,21746391333.0334,22250455018.8067,23410353434.6523,15786.1205236442,16076.0820382225,16843.701611713,..,..,..
Tonga,East Asia & Pacific,0,3.8,7.4,401109307.359307,430174168.740104,450353313.884584,3966.15652021899,4217.47650679527,4364.01556134949,..,..,..
Togo,Sub-Saharan Africa,17.6,17.6,17.6,4414908596.54217,4765866980.38429,5300214337.17579,587.874409389324,619.066370987019,671.840687558773,5.06326007843018,..,..
Timor-Leste,East Asia & Pacific,38.5,32.3,33.8,2503532102.2697,2487269437.36822,2581000000,2053.27379771613,2000.60119103569,2035.53390768881,..,..,..
Thailand,East Asia & Pacific,6.1,4.8,5.3,412352789519.611,455275517239.347,504992757704.997,5978.61145407809,6578.18886493522,7273.56320732092,..,..,..
Tanzania,Sub-Saharan Africa,36.6,36.4,37.2,49774021003.0747,53320625958.5628,57437073927.1796,966.474622354379,1004.84112066441,1050.67525379846,..,..,..
Tajikistan,Europe & Central Asia,19,19,19,6952678127.03396,7157865188.25222,7522947810.12326,802.518004052824,806.041573098044,826.621530538704,..,..,..
Syrian Arab Republic,Middle East & North Africa,13.2,13.2,13.2,..,..,..,..,..,..,..,..,..
Switzerland,Europe & Central Asia,32,32.5,32.5,670181065629.156,678965423322.021,705501304688.699,80037.5030399055,80333.4449447719,82838.9294445761,5.12430000305176,..,..
,,,,,,,,,,,,,
,,,,,,,,,,,,,
,,,,,,,,,,,,,
Data from database: Gender Statistics,,,,,,,,,,,,,
Last Updated: 07/16/2019,,,,,,,,,,,,,